-- seed_data.sql
START TRANSACTION;
INSERT INTO Users (username, password_hash, role) VALUES ('Vasudha', '$2y$10$EXAMPLEbcryptHashForVasudha', 'admin');
INSERT INTO Room (room_no, capacity, status, no_of_chairs, no_of_almirah, no_of_tables) VALUES ('R001', 2, 'Vacant', 2, 2, 1);
INSERT INTO Room (room_no, capacity, status, no_of_chairs, no_of_almirah, no_of_tables) VALUES ('R002', 2, 'Vacant', 2, 2, 1);
INSERT INTO Room (room_no, capacity, status, no_of_chairs, no_of_almirah, no_of_tables) VALUES ('R003', 4, 'Vacant', 4, 4, 2);
INSERT INTO Room (room_no, capacity, status, no_of_chairs, no_of_almirah, no_of_tables) VALUES ('R004', 4, 'Vacant', 4, 4, 2);
INSERT INTO Room (room_no, capacity, status, no_of_chairs, no_of_almirah, no_of_tables) VALUES ('R005', 4, 'Vacant', 4, 4, 2);
INSERT INTO Room (room_no, capacity, status, no_of_chairs, no_of_almirah, no_of_tables) VALUES ('R006', 3, 'Vacant', 3, 3, 1);
INSERT INTO Room (room_no, capacity, status, no_of_chairs, no_of_almirah, no_of_tables) VALUES ('R007', 3, 'Vacant', 3, 3, 1);
INSERT INTO Room (room_no, capacity, status, no_of_chairs, no_of_almirah, no_of_tables) VALUES ('R008', 2, 'Vacant', 2, 2, 1);
INSERT INTO Room (room_no, capacity, status, no_of_chairs, no_of_almirah, no_of_tables) VALUES ('R009', 2, 'Vacant', 2, 2, 1);
INSERT INTO Room (room_no, capacity, status, no_of_chairs, no_of_almirah, no_of_tables) VALUES ('R010', 3, 'Vacant', 3, 3, 1);
INSERT INTO Room (room_no, capacity, status, no_of_chairs, no_of_almirah, no_of_tables) VALUES ('R011', 3, 'Vacant', 3, 3, 1);
INSERT INTO Room (room_no, capacity, status, no_of_chairs, no_of_almirah, no_of_tables) VALUES ('R012', 4, 'Vacant', 4, 4, 2);
INSERT INTO Room (room_no, capacity, status, no_of_chairs, no_of_almirah, no_of_tables) VALUES ('R013', 3, 'Vacant', 3, 3, 1);
INSERT INTO Room (room_no, capacity, status, no_of_chairs, no_of_almirah, no_of_tables) VALUES ('R014', 2, 'Vacant', 2, 2, 1);
INSERT INTO Room (room_no, capacity, status, no_of_chairs, no_of_almirah, no_of_tables) VALUES ('R015', 4, 'Vacant', 4, 4, 2);
INSERT INTO Room (room_no, capacity, status, no_of_chairs, no_of_almirah, no_of_tables) VALUES ('R016', 2, 'Vacant', 2, 2, 1);
INSERT INTO Room (room_no, capacity, status, no_of_chairs, no_of_almirah, no_of_tables) VALUES ('R017', 2, 'Vacant', 2, 2, 1);
INSERT INTO Room (room_no, capacity, status, no_of_chairs, no_of_almirah, no_of_tables) VALUES ('R018', 4, 'Vacant', 4, 4, 2);
INSERT INTO Room (room_no, capacity, status, no_of_chairs, no_of_almirah, no_of_tables) VALUES ('R019', 4, 'Vacant', 4, 4, 2);
INSERT INTO Room (room_no, capacity, status, no_of_chairs, no_of_almirah, no_of_tables) VALUES ('R020', 4, 'Vacant', 4, 4, 2);
INSERT INTO Student (rollno,fname,lname,age,gender,course,branch,contact,email,address,date_joined) VALUES ('24121101','Diya','Sharma',25,'M','B.Sc','IT','9623526404','diya1@example.edu','1 Example Street, City','2024-03-21');
INSERT INTO Users (rollno, username, password_hash, role) VALUES ('24121101','Diya1', '$2y$10$EXAMPLEbcryptHashForVasudha', 'student');
INSERT INTO Student (rollno,fname,lname,age,gender,course,branch,contact,email,address,date_joined) VALUES ('24121102','Rohan','Kumar',21,'M','B.Sc','CE','9975334695','rohan2@example.edu','2 Example Street, City','2024-12-05');
INSERT INTO Users (rollno, username, password_hash, role) VALUES ('24121102','Rohan2', '$2y$10$EXAMPLEbcryptHashForVasudha', 'student');
INSERT INTO Student (rollno,fname,lname,age,gender,course,branch,contact,email,address,date_joined) VALUES ('24121103','Diya','Jain',24,'M','B.Sc','ME','9792573000','diya3@example.edu','3 Example Street, City','2024-05-15');
INSERT INTO Users (rollno, username, password_hash, role) VALUES ('24121103','Diya3', '$2y$10$EXAMPLEbcryptHashForVasudha', 'student');
INSERT INTO Student (rollno,fname,lname,age,gender,course,branch,contact,email,address,date_joined) VALUES ('24121104','Aisha','Kumar',19,'M','BCA','ME','9702280369','aisha4@example.edu','4 Example Street, City','2024-12-24');
INSERT INTO Users (rollno, username, password_hash, role) VALUES ('24121104','Aisha4', '$2y$10$EXAMPLEbcryptHashForVasudha', 'student');
INSERT INTO Student (rollno,fname,lname,age,gender,course,branch,contact,email,address,date_joined) VALUES ('24121105','Aastha','Kumar',20,'O','M.Tech','ME','9978254011','aastha5@example.edu','5 Example Street, City','2024-01-06');
INSERT INTO Users (rollno, username, password_hash, role) VALUES ('24121105','Aastha5', '$2y$10$EXAMPLEbcryptHashForVasudha', 'student');
INSERT INTO Student (rollno,fname,lname,age,gender,course,branch,contact,email,address,date_joined) VALUES ('24121106','Diya','Singh',19,'M','B.Tech','CE','9289501910','diya6@example.edu','6 Example Street, City','2024-12-15');
INSERT INTO Users (rollno, username, password_hash, role) VALUES ('24121106','Diya6', '$2y$10$EXAMPLEbcryptHashForVasudha', 'student');
INSERT INTO Student (rollno,fname,lname,age,gender,course,branch,contact,email,address,date_joined) VALUES ('24121107','Ritika','Bhatia',19,'O','B.Sc','IT','9146112179','ritika7@example.edu','7 Example Street, City','2024-10-15');
INSERT INTO Users (rollno, username, password_hash, role) VALUES ('24121107','Ritika7', '$2y$10$EXAMPLEbcryptHashForVasudha', 'student');
INSERT INTO Student (rollno,fname,lname,age,gender,course,branch,contact,email,address,date_joined) VALUES ('24121108','Vivaan','Singh',20,'M','M.Tech','ECE','9506339365','vivaan8@example.edu','8 Example Street, City','2024-07-12');
INSERT INTO Users (rollno, username, password_hash, role) VALUES ('24121108','Vivaan8', '$2y$10$EXAMPLEbcryptHashForVasudha', 'student');
INSERT INTO Student (rollno,fname,lname,age,gender,course,branch,contact,email,address,date_joined) VALUES ('24121109','Aastha','Kaur',21,'O','B.Sc','CE','9674633974','aastha9@example.edu','9 Example Street, City','2024-11-11');
INSERT INTO Users (rollno, username, password_hash, role) VALUES ('24121109','Aastha9', '$2y$10$EXAMPLEbcryptHashForVasudha', 'student');
INSERT INTO Student (rollno,fname,lname,age,gender,course,branch,contact,email,address,date_joined) VALUES ('24121110','Neha','Verma',22,'M','B.Tech','ECE','9802381926','neha10@example.edu','10 Example Street, City','2024-12-04');
INSERT INTO Users (rollno, username, password_hash, role) VALUES ('24121110','Neha10', '$2y$10$EXAMPLEbcryptHashForVasudha', 'student');
INSERT INTO Student (rollno,fname,lname,age,gender,course,branch,contact,email,address,date_joined) VALUES ('24121111','Arshpreet','Kumar',25,'M','M.Tech','CE','9932957450','arshpreet11@example.edu','11 Example Street, City','2024-08-06');
INSERT INTO Users (rollno, username, password_hash, role) VALUES ('24121111','Arshpreet11', '$2y$10$EXAMPLEbcryptHashForVasudha', 'student');
INSERT INTO Student (rollno,fname,lname,age,gender,course,branch,contact,email,address,date_joined) VALUES ('24121112','Aarav','Bhatia',23,'O','BCA','CE','9532227851','aarav12@example.edu','12 Example Street, City','2024-11-07');
INSERT INTO Users (rollno, username, password_hash, role) VALUES ('24121112','Aarav12', '$2y$10$EXAMPLEbcryptHashForVasudha', 'student');
INSERT INTO Student (rollno,fname,lname,age,gender,course,branch,contact,email,address,date_joined) VALUES ('24121113','Kavya','Malhotra',24,'M','BCA','CE','9148671841','kavya13@example.edu','13 Example Street, City','2024-03-04');
INSERT INTO Users (rollno, username, password_hash, role) VALUES ('24121113','Kavya13', '$2y$10$EXAMPLEbcryptHashForVasudha', 'student');
INSERT INTO Student (rollno,fname,lname,age,gender,course,branch,contact,email,address,date_joined) VALUES ('24121114','Arjun','Singh',19,'O','M.Tech','ECE','9735624360','arjun14@example.edu','14 Example Street, City','2024-02-13');
INSERT INTO Users (rollno, username, password_hash, role) VALUES ('24121114','Arjun14', '$2y$10$EXAMPLEbcryptHashForVasudha', 'student');
INSERT INTO Student (rollno,fname,lname,age,gender,course,branch,contact,email,address,date_joined) VALUES ('24121115','Arshpreet','Kaur',19,'O','M.Tech','IT','9568584124','arshpreet15@example.edu','15 Example Street, City','2024-01-16');
INSERT INTO Users (rollno, username, password_hash, role) VALUES ('24121115','Arshpreet15', '$2y$10$EXAMPLEbcryptHashForVasudha', 'student');
INSERT INTO Student (rollno,fname,lname,age,gender,course,branch,contact,email,address,date_joined) VALUES ('24121116','Ananya','Gupta',21,'M','B.Sc','CE','9190823987','ananya16@example.edu','16 Example Street, City','2024-05-07');
INSERT INTO Users (rollno, username, password_hash, role) VALUES ('24121116','Ananya16', '$2y$10$EXAMPLEbcryptHashForVasudha', 'student');
INSERT INTO Student (rollno,fname,lname,age,gender,course,branch,contact,email,address,date_joined) VALUES ('24121117','Ritika','Prasad',25,'M','B.Tech','ECE','9684263958','ritika17@example.edu','17 Example Street, City','2024-06-09');
INSERT INTO Users (rollno, username, password_hash, role) VALUES ('24121117','Ritika17', '$2y$10$EXAMPLEbcryptHashForVasudha', 'student');
INSERT INTO Student (rollno,fname,lname,age,gender,course,branch,contact,email,address,date_joined) VALUES ('24121118','Vasudha','Jain',21,'M','BCA','ME','9486042834','vasudha18@example.edu','18 Example Street, City','2024-06-23');
INSERT INTO Users (rollno, username, password_hash, role) VALUES ('24121118','Vasudha18', '$2y$10$EXAMPLEbcryptHashForVasudha', 'student');
INSERT INTO Student (rollno,fname,lname,age,gender,course,branch,contact,email,address,date_joined) VALUES ('24121119','Vihaan','Bhatia',23,'M','M.Tech','CE','9774017575','vihaan19@example.edu','19 Example Street, City','2024-10-15');
INSERT INTO Users (rollno, username, password_hash, role) VALUES ('24121119','Vihaan19', '$2y$10$EXAMPLEbcryptHashForVasudha', 'student');
INSERT INTO Student (rollno,fname,lname,age,gender,course,branch,contact,email,address,date_joined) VALUES ('24121120','Aastha','Gupta',22,'F','BCA','CE','9957039083','aastha20@example.edu','20 Example Street, City','2024-06-06');
INSERT INTO Users (rollno, username, password_hash, role) VALUES ('24121120','Aastha20', '$2y$10$EXAMPLEbcryptHashForVasudha', 'student');
INSERT INTO Student (rollno,fname,lname,age,gender,course,branch,contact,email,address,date_joined) VALUES ('24121121','Aastha','Malhotra',20,'M','B.Sc','IT','9546606942','aastha21@example.edu','21 Example Street, City','2024-09-11');
INSERT INTO Users (rollno, username, password_hash, role) VALUES ('24121121','Aastha21', '$2y$10$EXAMPLEbcryptHashForVasudha', 'student');
INSERT INTO Student (rollno,fname,lname,age,gender,course,branch,contact,email,address,date_joined) VALUES ('24121122','Vihaan','Sharma',24,'F','BCA','CE','9403614573','vihaan22@example.edu','22 Example Street, City','2024-10-26');
INSERT INTO Users (rollno, username, password_hash, role) VALUES ('24121122','Vihaan22', '$2y$10$EXAMPLEbcryptHashForVasudha', 'student');
INSERT INTO Student (rollno,fname,lname,age,gender,course,branch,contact,email,address,date_joined) VALUES ('24121123','Rohan','Sharma',25,'O','M.Tech','CE','9970520850','rohan23@example.edu','23 Example Street, City','2024-11-24');
INSERT INTO Users (rollno, username, password_hash, role) VALUES ('24121123','Rohan23', '$2y$10$EXAMPLEbcryptHashForVasudha', 'student');
INSERT INTO Student (rollno,fname,lname,age,gender,course,branch,contact,email,address,date_joined) VALUES ('24121124','Vihaan','Jain',24,'O','B.Tech','IT','9586038285','vihaan24@example.edu','24 Example Street, City','2024-11-22');
INSERT INTO Users (rollno, username, password_hash, role) VALUES ('24121124','Vihaan24', '$2y$10$EXAMPLEbcryptHashForVasudha', 'student');
INSERT INTO Student (rollno,fname,lname,age,gender,course,branch,contact,email,address,date_joined) VALUES ('24121125','Aditya','Sharma',24,'M','BCA','CE','9213086985','aditya25@example.edu','25 Example Street, City','2024-12-01');
INSERT INTO Users (rollno, username, password_hash, role) VALUES ('24121125','Aditya25', '$2y$10$EXAMPLEbcryptHashForVasudha', 'student');
INSERT INTO Student (rollno,fname,lname,age,gender,course,branch,contact,email,address,date_joined) VALUES ('24121126','Vasudha','Jain',19,'F','BCA','CSE','9535681077','vasudha26@example.edu','26 Example Street, City','2024-10-01');
INSERT INTO Users (rollno, username, password_hash, role) VALUES ('24121126','Vasudha26', '$2y$10$EXAMPLEbcryptHashForVasudha', 'student');
INSERT INTO Student (rollno,fname,lname,age,gender,course,branch,contact,email,address,date_joined) VALUES ('24121127','Aastha','Sharma',20,'F','B.Sc','ME','9130538062','aastha27@example.edu','27 Example Street, City','2024-11-20');
INSERT INTO Users (rollno, username, password_hash, role) VALUES ('24121127','Aastha27', '$2y$10$EXAMPLEbcryptHashForVasudha', 'student');
INSERT INTO Student (rollno,fname,lname,age,gender,course,branch,contact,email,address,date_joined) VALUES ('24121128','Vivaan','Malhotra',25,'O','BCA','IT','9622378457','vivaan28@example.edu','28 Example Street, City','2024-03-05');
INSERT INTO Users (rollno, username, password_hash, role) VALUES ('24121128','Vivaan28', '$2y$10$EXAMPLEbcryptHashForVasudha', 'student');
INSERT INTO Student (rollno,fname,lname,age,gender,course,branch,contact,email,address,date_joined) VALUES ('24121129','Vivaan','Prasad',21,'O','M.Tech','ECE','9628755018','vivaan29@example.edu','29 Example Street, City','2024-08-08');
INSERT INTO Users (rollno, username, password_hash, role) VALUES ('24121129','Vivaan29', '$2y$10$EXAMPLEbcryptHashForVasudha', 'student');
INSERT INTO Student (rollno,fname,lname,age,gender,course,branch,contact,email,address,date_joined) VALUES ('24121130','Aisha','Gupta',18,'F','B.Sc','CSE','9878640897','aisha30@example.edu','30 Example Street, City','2024-02-19');
INSERT INTO Users (rollno, username, password_hash, role) VALUES ('24121130','Aisha30', '$2y$10$EXAMPLEbcryptHashForVasudha', 'student');
INSERT INTO Student (rollno,fname,lname,age,gender,course,branch,contact,email,address,date_joined) VALUES ('24121131','Aastha','Verma',22,'O','B.Sc','IT','9622649445','aastha31@example.edu','31 Example Street, City','2024-09-07');
INSERT INTO Users (rollno, username, password_hash, role) VALUES ('24121131','Aastha31', '$2y$10$EXAMPLEbcryptHashForVasudha', 'student');
INSERT INTO Student (rollno,fname,lname,age,gender,course,branch,contact,email,address,date_joined) VALUES ('24121132','Aastha','Prasad',22,'M','M.Tech','ME','9851693631','aastha32@example.edu','32 Example Street, City','2024-01-16');
INSERT INTO Users (rollno, username, password_hash, role) VALUES ('24121132','Aastha32', '$2y$10$EXAMPLEbcryptHashForVasudha', 'student');
INSERT INTO Student (rollno,fname,lname,age,gender,course,branch,contact,email,address,date_joined) VALUES ('24121133','Vihaan','Prasad',25,'O','BCA','ME','9306530117','vihaan33@example.edu','33 Example Street, City','2024-10-13');
INSERT INTO Users (rollno, username, password_hash, role) VALUES ('24121133','Vihaan33', '$2y$10$EXAMPLEbcryptHashForVasudha', 'student');
INSERT INTO Student (rollno,fname,lname,age,gender,course,branch,contact,email,address,date_joined) VALUES ('24121134','Kavya','Verma',23,'O','B.Sc','CSE','9974710571','kavya34@example.edu','34 Example Street, City','2024-09-22');
INSERT INTO Users (rollno, username, password_hash, role) VALUES ('24121134','Kavya34', '$2y$10$EXAMPLEbcryptHashForVasudha', 'student');
INSERT INTO Student (rollno,fname,lname,age,gender,course,branch,contact,email,address,date_joined) VALUES ('24121135','Vivaan','Kaur',25,'M','B.Sc','ME','9246099925','vivaan35@example.edu','35 Example Street, City','2024-06-18');
INSERT INTO Users (rollno, username, password_hash, role) VALUES ('24121135','Vivaan35', '$2y$10$EXAMPLEbcryptHashForVasudha', 'student');
INSERT INTO Student (rollno,fname,lname,age,gender,course,branch,contact,email,address,date_joined) VALUES ('24121136','Isha','Jain',25,'O','BCA','IT','9308678616','isha36@example.edu','36 Example Street, City','2024-09-18');
INSERT INTO Users (rollno, username, password_hash, role) VALUES ('24121136','Isha36', '$2y$10$EXAMPLEbcryptHashForVasudha', 'student');
INSERT INTO Student (rollno,fname,lname,age,gender,course,branch,contact,email,address,date_joined) VALUES ('24121137','Neha','Malhotra',22,'O','B.Tech','ME','9188116991','neha37@example.edu','37 Example Street, City','2024-11-14');
INSERT INTO Users (rollno, username, password_hash, role) VALUES ('24121137','Neha37', '$2y$10$EXAMPLEbcryptHashForVasudha', 'student');
INSERT INTO Student (rollno,fname,lname,age,gender,course,branch,contact,email,address,date_joined) VALUES ('24121138','Pooja','Malhotra',18,'M','B.Tech','ECE','9138577828','pooja38@example.edu','38 Example Street, City','2024-06-10');
INSERT INTO Users (rollno, username, password_hash, role) VALUES ('24121138','Pooja38', '$2y$10$EXAMPLEbcryptHashForVasudha', 'student');
INSERT INTO Student (rollno,fname,lname,age,gender,course,branch,contact,email,address,date_joined) VALUES ('24121139','Sakshi','Kaur',25,'M','B.Sc','ME','9462348507','sakshi39@example.edu','39 Example Street, City','2024-12-27');
INSERT INTO Users (rollno, username, password_hash, role) VALUES ('24121139','Sakshi39', '$2y$10$EXAMPLEbcryptHashForVasudha', 'student');
INSERT INTO Student (rollno,fname,lname,age,gender,course,branch,contact,email,address,date_joined) VALUES ('24121140','Arjun','Bhatia',24,'F','B.Sc','CE','9616795150','arjun40@example.edu','40 Example Street, City','2024-03-07');
INSERT INTO Users (rollno, username, password_hash, role) VALUES ('24121140','Arjun40', '$2y$10$EXAMPLEbcryptHashForVasudha', 'student');
INSERT INTO Student (rollno,fname,lname,age,gender,course,branch,contact,email,address,date_joined) VALUES ('24121141','Arjun','Malhotra',23,'O','B.Sc','ECE','9968879392','arjun41@example.edu','41 Example Street, City','2024-07-11');
INSERT INTO Users (rollno, username, password_hash, role) VALUES ('24121141','Arjun41', '$2y$10$EXAMPLEbcryptHashForVasudha', 'student');
INSERT INTO Student (rollno,fname,lname,age,gender,course,branch,contact,email,address,date_joined) VALUES ('24121142','Aastha','Sharma',20,'M','M.Tech','IT','9593895204','aastha42@example.edu','42 Example Street, City','2024-04-22');
INSERT INTO Users (rollno, username, password_hash, role) VALUES ('24121142','Aastha42', '$2y$10$EXAMPLEbcryptHashForVasudha', 'student');
INSERT INTO Student (rollno,fname,lname,age,gender,course,branch,contact,email,address,date_joined) VALUES ('24121143','Aarav','Jain',23,'M','M.Tech','CSE','9984801520','aarav43@example.edu','43 Example Street, City','2024-02-23');
INSERT INTO Users (rollno, username, password_hash, role) VALUES ('24121143','Aarav43', '$2y$10$EXAMPLEbcryptHashForVasudha', 'student');
INSERT INTO Student (rollno,fname,lname,age,gender,course,branch,contact,email,address,date_joined) VALUES ('24121144','Vivaan','Verma',20,'M','B.Sc','IT','9380566225','vivaan44@example.edu','44 Example Street, City','2024-09-05');
INSERT INTO Users (rollno, username, password_hash, role) VALUES ('24121144','Vivaan44', '$2y$10$EXAMPLEbcryptHashForVasudha', 'student');
INSERT INTO Student (rollno,fname,lname,age,gender,course,branch,contact,email,address,date_joined) VALUES ('24121145','Nikhil','Verma',23,'O','BCA','CE','9187894794','nikhil45@example.edu','45 Example Street, City','2024-06-06');
INSERT INTO Users (rollno, username, password_hash, role) VALUES ('24121145','Nikhil45', '$2y$10$EXAMPLEbcryptHashForVasudha', 'student');
INSERT INTO Student (rollno,fname,lname,age,gender,course,branch,contact,email,address,date_joined) VALUES ('24121146','Pooja','Gupta',21,'O','B.Tech','CSE','9375469211','pooja46@example.edu','46 Example Street, City','2024-09-01');
INSERT INTO Users (rollno, username, password_hash, role) VALUES ('24121146','Pooja46', '$2y$10$EXAMPLEbcryptHashForVasudha', 'student');
INSERT INTO Student (rollno,fname,lname,age,gender,course,branch,contact,email,address,date_joined) VALUES ('24121147','Aditya','Jain',23,'O','B.Tech','CE','9577310531','aditya47@example.edu','47 Example Street, City','2024-10-15');
INSERT INTO Users (rollno, username, password_hash, role) VALUES ('24121147','Aditya47', '$2y$10$EXAMPLEbcryptHashForVasudha', 'student');
INSERT INTO Student (rollno,fname,lname,age,gender,course,branch,contact,email,address,date_joined) VALUES ('24121148','Vihaan','Verma',23,'F','M.Tech','CE','9197364935','vihaan48@example.edu','48 Example Street, City','2024-02-03');
INSERT INTO Users (rollno, username, password_hash, role) VALUES ('24121148','Vihaan48', '$2y$10$EXAMPLEbcryptHashForVasudha', 'student');
INSERT INTO Student (rollno,fname,lname,age,gender,course,branch,contact,email,address,date_joined) VALUES ('24121149','Aditya','Kumar',18,'F','M.Tech','CE','9325897114','aditya49@example.edu','49 Example Street, City','2024-09-14');
INSERT INTO Users (rollno, username, password_hash, role) VALUES ('24121149','Aditya49', '$2y$10$EXAMPLEbcryptHashForVasudha', 'student');
INSERT INTO Student (rollno,fname,lname,age,gender,course,branch,contact,email,address,date_joined) VALUES ('24121150','Kavya','Singh',18,'M','BCA','CSE','9844792773','kavya50@example.edu','50 Example Street, City','2024-11-17');
INSERT INTO Users (rollno, username, password_hash, role) VALUES ('24121150','Kavya50', '$2y$10$EXAMPLEbcryptHashForVasudha', 'student');
INSERT INTO Allocation (rollno, room_no, date_of_allocation, date_of_vacating) VALUES ('24121101','R016','2024-11-16', NULL);
UPDATE Student SET room_no='R016' WHERE rollno='24121101';
INSERT INTO Allocation (rollno, room_no, date_of_allocation, date_of_vacating) VALUES ('24121102','R015','2024-04-28', NULL);
UPDATE Student SET room_no='R015' WHERE rollno='24121102';
INSERT INTO Allocation (rollno, room_no, date_of_allocation, date_of_vacating) VALUES ('24121103','R004','2024-08-20', NULL);
UPDATE Student SET room_no='R004' WHERE rollno='24121103';
INSERT INTO Allocation (rollno, room_no, date_of_allocation, date_of_vacating) VALUES ('24121104','R005','2024-06-16', NULL);
UPDATE Student SET room_no='R005' WHERE rollno='24121104';
INSERT INTO Allocation (rollno, room_no, date_of_allocation, date_of_vacating) VALUES ('24121105','R010','2024-06-19', NULL);
UPDATE Student SET room_no='R010' WHERE rollno='24121105';
INSERT INTO Allocation (rollno, room_no, date_of_allocation, date_of_vacating) VALUES ('24121106','R007','2024-07-19', NULL);
UPDATE Student SET room_no='R007' WHERE rollno='24121106';
INSERT INTO Allocation (rollno, room_no, date_of_allocation, date_of_vacating) VALUES ('24121107','R013','2024-02-05', NULL);
UPDATE Student SET room_no='R013' WHERE rollno='24121107';
INSERT INTO Allocation (rollno, room_no, date_of_allocation, date_of_vacating) VALUES ('24121108','R005','2024-10-09', NULL);
UPDATE Student SET room_no='R005' WHERE rollno='24121108';
INSERT INTO Allocation (rollno, room_no, date_of_allocation, date_of_vacating) VALUES ('24121109','R004','2024-12-22', NULL);
UPDATE Student SET room_no='R004' WHERE rollno='24121109';
INSERT INTO Allocation (rollno, room_no, date_of_allocation, date_of_vacating) VALUES ('24121110','R015','2024-02-11', NULL);
UPDATE Student SET room_no='R015' WHERE rollno='24121110';
INSERT INTO Allocation (rollno, room_no, date_of_allocation, date_of_vacating) VALUES ('24121111','R020','2024-09-05', NULL);
UPDATE Student SET room_no='R020' WHERE rollno='24121111';
INSERT INTO Allocation (rollno, room_no, date_of_allocation, date_of_vacating) VALUES ('24121112','R006','2024-10-13', NULL);
UPDATE Student SET room_no='R006' WHERE rollno='24121112';
INSERT INTO Allocation (rollno, room_no, date_of_allocation, date_of_vacating) VALUES ('24121113','R012','2024-07-04', NULL);
UPDATE Student SET room_no='R012' WHERE rollno='24121113';
INSERT INTO Allocation (rollno, room_no, date_of_allocation, date_of_vacating) VALUES ('24121114','R015','2024-10-12', NULL);
UPDATE Student SET room_no='R015' WHERE rollno='24121114';
INSERT INTO Allocation (rollno, room_no, date_of_allocation, date_of_vacating) VALUES ('24121115','R006','2024-09-13', NULL);
UPDATE Student SET room_no='R006' WHERE rollno='24121115';
INSERT INTO Allocation (rollno, room_no, date_of_allocation, date_of_vacating) VALUES ('24121116','R017','2024-03-01', NULL);
UPDATE Student SET room_no='R017' WHERE rollno='24121116';
INSERT INTO Allocation (rollno, room_no, date_of_allocation, date_of_vacating) VALUES ('24121117','R019','2024-05-19', NULL);
UPDATE Student SET room_no='R019' WHERE rollno='24121117';
INSERT INTO Allocation (rollno, room_no, date_of_allocation, date_of_vacating) VALUES ('24121118','R018','2024-09-06', NULL);
UPDATE Student SET room_no='R018' WHERE rollno='24121118';
INSERT INTO Allocation (rollno, room_no, date_of_allocation, date_of_vacating) VALUES ('24121119','R010','2024-05-07', NULL);
UPDATE Student SET room_no='R010' WHERE rollno='24121119';
INSERT INTO Allocation (rollno, room_no, date_of_allocation, date_of_vacating) VALUES ('24121120','R015','2024-07-10', NULL);
UPDATE Student SET room_no='R015' WHERE rollno='24121120';
INSERT INTO Allocation (rollno, room_no, date_of_allocation, date_of_vacating) VALUES ('24121121','R004','2024-10-18', NULL);
UPDATE Student SET room_no='R004' WHERE rollno='24121121';
INSERT INTO Allocation (rollno, room_no, date_of_allocation, date_of_vacating) VALUES ('24121122','R001','2024-06-27', NULL);
UPDATE Student SET room_no='R001' WHERE rollno='24121122';
INSERT INTO Allocation (rollno, room_no, date_of_allocation, date_of_vacating) VALUES ('24121123','R013','2024-08-10', NULL);
UPDATE Student SET room_no='R013' WHERE rollno='24121123';
INSERT INTO Allocation (rollno, room_no, date_of_allocation, date_of_vacating) VALUES ('24121124','R006','2024-07-10', NULL);
UPDATE Student SET room_no='R006' WHERE rollno='24121124';
INSERT INTO Allocation (rollno, room_no, date_of_allocation, date_of_vacating) VALUES ('24121125','R014','2024-05-19', NULL);
UPDATE Student SET room_no='R014' WHERE rollno='24121125';
INSERT INTO Allocation (rollno, room_no, date_of_allocation, date_of_vacating) VALUES ('24121126','R019','2024-05-17', NULL);
UPDATE Student SET room_no='R019' WHERE rollno='24121126';
INSERT INTO Allocation (rollno, room_no, date_of_allocation, date_of_vacating) VALUES ('24121127','R013','2024-03-26', NULL);
UPDATE Student SET room_no='R013' WHERE rollno='24121127';
INSERT INTO Allocation (rollno, room_no, date_of_allocation, date_of_vacating) VALUES ('24121128','R018','2024-10-17', NULL);
UPDATE Student SET room_no='R018' WHERE rollno='24121128';
INSERT INTO Allocation (rollno, room_no, date_of_allocation, date_of_vacating) VALUES ('24121129','R020','2024-09-08', NULL);
UPDATE Student SET room_no='R020' WHERE rollno='24121129';
INSERT INTO Allocation (rollno, room_no, date_of_allocation, date_of_vacating) VALUES ('24121130','R009','2024-07-08', NULL);
UPDATE Student SET room_no='R009' WHERE rollno='24121130';
INSERT INTO Allocation (rollno, room_no, date_of_allocation, date_of_vacating) VALUES ('24121131','R014','2024-02-19', NULL);
UPDATE Student SET room_no='R014' WHERE rollno='24121131';
INSERT INTO Allocation (rollno, room_no, date_of_allocation, date_of_vacating) VALUES ('24121132','R009','2024-10-18', NULL);
UPDATE Student SET room_no='R009' WHERE rollno='24121132';
INSERT INTO Allocation (rollno, room_no, date_of_allocation, date_of_vacating) VALUES ('24121133','R011','2024-09-13', NULL);
UPDATE Student SET room_no='R011' WHERE rollno='24121133';
INSERT INTO Allocation (rollno, room_no, date_of_allocation, date_of_vacating) VALUES ('24121134','R012','2024-03-04', NULL);
UPDATE Student SET room_no='R012' WHERE rollno='24121134';
INSERT INTO Allocation (rollno, room_no, date_of_allocation, date_of_vacating) VALUES ('24121135','R019','2024-11-16', NULL);
UPDATE Student SET room_no='R019' WHERE rollno='24121135';
INSERT INTO Allocation (rollno, room_no, date_of_allocation, date_of_vacating) VALUES ('24121136','R019','2024-07-07', NULL);
UPDATE Student SET room_no='R019' WHERE rollno='24121136';
INSERT INTO Allocation (rollno, room_no, date_of_allocation, date_of_vacating) VALUES ('24121137','R016','2024-05-23', NULL);
UPDATE Student SET room_no='R016' WHERE rollno='24121137';
INSERT INTO Allocation (rollno, room_no, date_of_allocation, date_of_vacating) VALUES ('24121138','R004','2024-07-15', NULL);
UPDATE Student SET room_no='R004' WHERE rollno='24121138';
INSERT INTO Allocation (rollno, room_no, date_of_allocation, date_of_vacating) VALUES ('24121139','R020','2024-03-26', NULL);
UPDATE Student SET room_no='R020' WHERE rollno='24121139';
INSERT INTO Allocation (rollno, room_no, date_of_allocation, date_of_vacating) VALUES ('24121140','R018','2024-08-08', NULL);
UPDATE Student SET room_no='R018' WHERE rollno='24121140';
INSERT INTO Allocation (rollno, room_no, date_of_allocation, date_of_vacating) VALUES ('24121141','R020','2024-11-08', NULL);
UPDATE Student SET room_no='R020' WHERE rollno='24121141';
INSERT INTO Allocation (rollno, room_no, date_of_allocation, date_of_vacating) VALUES ('24121142','R018','2024-05-03', NULL);
UPDATE Student SET room_no='R018' WHERE rollno='24121142';
INSERT INTO Allocation (rollno, room_no, date_of_allocation, date_of_vacating) VALUES ('24121143','R008','2024-03-03', NULL);
UPDATE Student SET room_no='R008' WHERE rollno='24121143';
INSERT INTO Allocation (rollno, room_no, date_of_allocation, date_of_vacating) VALUES ('24121144','R010','2024-07-04', NULL);
UPDATE Student SET room_no='R010' WHERE rollno='24121144';
INSERT INTO Allocation (rollno, room_no, date_of_allocation, date_of_vacating) VALUES ('24121145','R002','2024-03-02', NULL);
UPDATE Student SET room_no='R002' WHERE rollno='24121145';
INSERT INTO Allocation (rollno, room_no, date_of_allocation, date_of_vacating) VALUES ('24121146','R017','2024-11-10', NULL);
UPDATE Student SET room_no='R017' WHERE rollno='24121146';
INSERT INTO Allocation (rollno, room_no, date_of_allocation, date_of_vacating) VALUES ('24121147','R007','2024-07-06', NULL);
UPDATE Student SET room_no='R007' WHERE rollno='24121147';
INSERT INTO Allocation (rollno, room_no, date_of_allocation, date_of_vacating) VALUES ('24121148','R011','2024-05-14', NULL);
UPDATE Student SET room_no='R011' WHERE rollno='24121148';
INSERT INTO Allocation (rollno, room_no, date_of_allocation, date_of_vacating) VALUES ('24121149','R003','2024-10-14', NULL);
UPDATE Student SET room_no='R003' WHERE rollno='24121149';
INSERT INTO Allocation (rollno, room_no, date_of_allocation, date_of_vacating) VALUES ('24121150','R011','2024-03-04', NULL);
UPDATE Student SET room_no='R011' WHERE rollno='24121150';
UPDATE Room SET status='Occupied' WHERE room_no='R001';
UPDATE Room SET status='Occupied' WHERE room_no='R002';
UPDATE Room SET status='Occupied' WHERE room_no='R003';
UPDATE Room SET status='Occupied' WHERE room_no='R004';
UPDATE Room SET status='Occupied' WHERE room_no='R005';
UPDATE Room SET status='Occupied' WHERE room_no='R006';
UPDATE Room SET status='Occupied' WHERE room_no='R007';
UPDATE Room SET status='Occupied' WHERE room_no='R008';
UPDATE Room SET status='Occupied' WHERE room_no='R009';
UPDATE Room SET status='Occupied' WHERE room_no='R010';
UPDATE Room SET status='Occupied' WHERE room_no='R011';
UPDATE Room SET status='Occupied' WHERE room_no='R012';
UPDATE Room SET status='Occupied' WHERE room_no='R013';
UPDATE Room SET status='Occupied' WHERE room_no='R014';
UPDATE Room SET status='Occupied' WHERE room_no='R015';
UPDATE Room SET status='Occupied' WHERE room_no='R016';
UPDATE Room SET status='Occupied' WHERE room_no='R017';
UPDATE Room SET status='Occupied' WHERE room_no='R018';
UPDATE Room SET status='Occupied' WHERE room_no='R019';
UPDATE Room SET status='Occupied' WHERE room_no='R020';
INSERT INTO MessBill (rollno, amount, month_year, status, generated_on) VALUES ('24121101',3500.0,'Aug-2025','Paid','2025-09-02');
INSERT INTO Payment (rollno, amount, date_of_payment, method, status, reference) VALUES ('24121101',3500.0,'2025-09-02','UPI','Success','TXN117114');
INSERT INTO MessBill (rollno, amount, month_year, status, generated_on) VALUES ('24121101',2800.0,'Sep-2025','Paid','2025-09-27');
INSERT INTO Payment (rollno, amount, date_of_payment, method, status, reference) VALUES ('24121101',2800.0,'2025-09-27','UPI','Success','TXN131575');
INSERT INTO MessBill (rollno, amount, month_year, status, generated_on) VALUES ('24121101',3500.0,'Oct-2025','Pending','2025-10-12');
INSERT INTO MessBill (rollno, amount, month_year, status, generated_on) VALUES ('24121102',3000.0,'Aug-2025','Pending','2025-08-10');
INSERT INTO MessBill (rollno, amount, month_year, status, generated_on) VALUES ('24121102',3500.0,'Sep-2025','Pending','2025-10-06');
INSERT INTO MessBill (rollno, amount, month_year, status, generated_on) VALUES ('24121102',2800.0,'Oct-2025','Pending','2025-08-14');
INSERT INTO MessBill (rollno, amount, month_year, status, generated_on) VALUES ('24121103',2800.0,'Aug-2025','Paid','2025-10-24');
INSERT INTO Payment (rollno, amount, date_of_payment, method, status, reference) VALUES ('24121103',2800.0,'2025-10-24','UPI','Success','TXN631451');
INSERT INTO MessBill (rollno, amount, month_year, status, generated_on) VALUES ('24121103',2800.0,'Sep-2025','Paid','2025-08-05');
INSERT INTO Payment (rollno, amount, date_of_payment, method, status, reference) VALUES ('24121103',2800.0,'2025-08-05','Cash','Success','TXN205600');
INSERT INTO MessBill (rollno, amount, month_year, status, generated_on) VALUES ('24121103',3000.0,'Oct-2025','Paid','2025-09-10');
INSERT INTO Payment (rollno, amount, date_of_payment, method, status, reference) VALUES ('24121103',3000.0,'2025-09-10','Cash','Success','TXN744777');
INSERT INTO MessBill (rollno, amount, month_year, status, generated_on) VALUES ('24121104',2800.0,'Aug-2025','Pending','2025-09-18');
INSERT INTO MessBill (rollno, amount, month_year, status, generated_on) VALUES ('24121104',3500.0,'Sep-2025','Pending','2025-09-20');
INSERT INTO MessBill (rollno, amount, month_year, status, generated_on) VALUES ('24121104',2800.0,'Oct-2025','Paid','2025-08-18');
INSERT INTO Payment (rollno, amount, date_of_payment, method, status, reference) VALUES ('24121104',2800.0,'2025-08-18','Card','Success','TXN406727');
INSERT INTO MessBill (rollno, amount, month_year, status, generated_on) VALUES ('24121105',2800.0,'Aug-2025','Pending','2025-09-27');
INSERT INTO MessBill (rollno, amount, month_year, status, generated_on) VALUES ('24121105',3200.5,'Sep-2025','Pending','2025-09-16');
INSERT INTO MessBill (rollno, amount, month_year, status, generated_on) VALUES ('24121105',2800.0,'Oct-2025','Pending','2025-08-23');
INSERT INTO MessBill (rollno, amount, month_year, status, generated_on) VALUES ('24121106',3500.0,'Aug-2025','Pending','2025-10-20');
INSERT INTO MessBill (rollno, amount, month_year, status, generated_on) VALUES ('24121106',2800.0,'Sep-2025','Pending','2025-09-10');
INSERT INTO MessBill (rollno, amount, month_year, status, generated_on) VALUES ('24121106',3000.0,'Oct-2025','Pending','2025-09-28');
INSERT INTO MessBill (rollno, amount, month_year, status, generated_on) VALUES ('24121107',3000.0,'Aug-2025','Pending','2025-09-09');
INSERT INTO MessBill (rollno, amount, month_year, status, generated_on) VALUES ('24121107',3200.5,'Sep-2025','Pending','2025-09-20');
INSERT INTO MessBill (rollno, amount, month_year, status, generated_on) VALUES ('24121107',2800.0,'Oct-2025','Pending','2025-09-27');
INSERT INTO MessBill (rollno, amount, month_year, status, generated_on) VALUES ('24121108',2800.0,'Aug-2025','Pending','2025-10-23');
INSERT INTO MessBill (rollno, amount, month_year, status, generated_on) VALUES ('24121108',3200.5,'Sep-2025','Paid','2025-10-05');
INSERT INTO Payment (rollno, amount, date_of_payment, method, status, reference) VALUES ('24121108',3200.5,'2025-10-05','UPI','Success','TXN742437');
INSERT INTO MessBill (rollno, amount, month_year, status, generated_on) VALUES ('24121108',3200.5,'Oct-2025','Paid','2025-08-20');
INSERT INTO Payment (rollno, amount, date_of_payment, method, status, reference) VALUES ('24121108',3200.5,'2025-08-20','Card','Success','TXN627145');
INSERT INTO MessBill (rollno, amount, month_year, status, generated_on) VALUES ('24121109',3500.0,'Aug-2025','Pending','2025-10-06');
INSERT INTO MessBill (rollno, amount, month_year, status, generated_on) VALUES ('24121109',2800.0,'Sep-2025','Pending','2025-09-05');
INSERT INTO MessBill (rollno, amount, month_year, status, generated_on) VALUES ('24121109',3000.0,'Oct-2025','Paid','2025-09-11');
INSERT INTO Payment (rollno, amount, date_of_payment, method, status, reference) VALUES ('24121109',3000.0,'2025-09-11','UPI','Success','TXN329396');
INSERT INTO MessBill (rollno, amount, month_year, status, generated_on) VALUES ('24121110',3000.0,'Aug-2025','Pending','2025-10-23');
INSERT INTO MessBill (rollno, amount, month_year, status, generated_on) VALUES ('24121110',2800.0,'Sep-2025','Pending','2025-08-19');
INSERT INTO MessBill (rollno, amount, month_year, status, generated_on) VALUES ('24121110',2800.0,'Oct-2025','Paid','2025-08-07');
INSERT INTO Payment (rollno, amount, date_of_payment, method, status, reference) VALUES ('24121110',2800.0,'2025-08-07','Cash','Success','TXN462004');
INSERT INTO MessBill (rollno, amount, month_year, status, generated_on) VALUES ('24121111',2800.0,'Aug-2025','Paid','2025-10-26');
INSERT INTO Payment (rollno, amount, date_of_payment, method, status, reference) VALUES ('24121111',2800.0,'2025-10-26','UPI','Success','TXN402226');
INSERT INTO MessBill (rollno, amount, month_year, status, generated_on) VALUES ('24121111',3000.0,'Sep-2025','Paid','2025-08-02');
INSERT INTO Payment (rollno, amount, date_of_payment, method, status, reference) VALUES ('24121111',3000.0,'2025-08-02','UPI','Success','TXN590994');
INSERT INTO MessBill (rollno, amount, month_year, status, generated_on) VALUES ('24121111',3500.0,'Oct-2025','Paid','2025-10-14');
INSERT INTO Payment (rollno, amount, date_of_payment, method, status, reference) VALUES ('24121111',3500.0,'2025-10-14','UPI','Success','TXN407285');
INSERT INTO MessBill (rollno, amount, month_year, status, generated_on) VALUES ('24121112',3000.0,'Aug-2025','Pending','2025-10-24');
INSERT INTO MessBill (rollno, amount, month_year, status, generated_on) VALUES ('24121112',3200.5,'Sep-2025','Pending','2025-09-05');
INSERT INTO MessBill (rollno, amount, month_year, status, generated_on) VALUES ('24121112',3200.5,'Oct-2025','Paid','2025-08-13');
INSERT INTO Payment (rollno, amount, date_of_payment, method, status, reference) VALUES ('24121112',3200.5,'2025-08-13','Cash','Success','TXN882737');
INSERT INTO MessBill (rollno, amount, month_year, status, generated_on) VALUES ('24121113',2800.0,'Aug-2025','Paid','2025-08-13');
INSERT INTO Payment (rollno, amount, date_of_payment, method, status, reference) VALUES ('24121113',2800.0,'2025-08-13','UPI','Success','TXN667697');
INSERT INTO MessBill (rollno, amount, month_year, status, generated_on) VALUES ('24121113',3000.0,'Sep-2025','Pending','2025-09-19');
INSERT INTO MessBill (rollno, amount, month_year, status, generated_on) VALUES ('24121113',3500.0,'Oct-2025','Paid','2025-08-24');
INSERT INTO Payment (rollno, amount, date_of_payment, method, status, reference) VALUES ('24121113',3500.0,'2025-08-24','Card','Success','TXN162465');
INSERT INTO MessBill (rollno, amount, month_year, status, generated_on) VALUES ('24121114',2800.0,'Aug-2025','Paid','2025-09-03');
INSERT INTO Payment (rollno, amount, date_of_payment, method, status, reference) VALUES ('24121114',2800.0,'2025-09-03','UPI','Success','TXN776536');
INSERT INTO MessBill (rollno, amount, month_year, status, generated_on) VALUES ('24121114',3500.0,'Sep-2025','Pending','2025-10-15');
INSERT INTO MessBill (rollno, amount, month_year, status, generated_on) VALUES ('24121114',3000.0,'Oct-2025','Paid','2025-10-01');
INSERT INTO Payment (rollno, amount, date_of_payment, method, status, reference) VALUES ('24121114',3000.0,'2025-10-01','Cash','Success','TXN818668');
INSERT INTO MessBill (rollno, amount, month_year, status, generated_on) VALUES ('24121115',3200.5,'Aug-2025','Pending','2025-10-10');
INSERT INTO MessBill (rollno, amount, month_year, status, generated_on) VALUES ('24121115',3000.0,'Sep-2025','Pending','2025-08-24');
INSERT INTO MessBill (rollno, amount, month_year, status, generated_on) VALUES ('24121115',2800.0,'Oct-2025','Pending','2025-10-20');
INSERT INTO MessBill (rollno, amount, month_year, status, generated_on) VALUES ('24121116',3200.5,'Aug-2025','Paid','2025-10-09');
INSERT INTO Payment (rollno, amount, date_of_payment, method, status, reference) VALUES ('24121116',3200.5,'2025-10-09','UPI','Success','TXN739550');
INSERT INTO MessBill (rollno, amount, month_year, status, generated_on) VALUES ('24121116',3000.0,'Sep-2025','Pending','2025-10-24');
INSERT INTO MessBill (rollno, amount, month_year, status, generated_on) VALUES ('24121116',2800.0,'Oct-2025','Pending','2025-10-02');
INSERT INTO MessBill (rollno, amount, month_year, status, generated_on) VALUES ('24121117',3000.0,'Aug-2025','Paid','2025-09-16');
INSERT INTO Payment (rollno, amount, date_of_payment, method, status, reference) VALUES ('24121117',3000.0,'2025-09-16','Cash','Success','TXN690726');
INSERT INTO MessBill (rollno, amount, month_year, status, generated_on) VALUES ('24121117',3000.0,'Sep-2025','Pending','2025-10-01');
INSERT INTO MessBill (rollno, amount, month_year, status, generated_on) VALUES ('24121117',3000.0,'Oct-2025','Paid','2025-08-22');
INSERT INTO Payment (rollno, amount, date_of_payment, method, status, reference) VALUES ('24121117',3000.0,'2025-08-22','Card','Success','TXN576628');
INSERT INTO MessBill (rollno, amount, month_year, status, generated_on) VALUES ('24121118',3200.5,'Aug-2025','Pending','2025-10-06');
INSERT INTO MessBill (rollno, amount, month_year, status, generated_on) VALUES ('24121118',2800.0,'Sep-2025','Pending','2025-08-22');
INSERT INTO MessBill (rollno, amount, month_year, status, generated_on) VALUES ('24121118',2800.0,'Oct-2025','Pending','2025-09-25');
INSERT INTO MessBill (rollno, amount, month_year, status, generated_on) VALUES ('24121119',3200.5,'Aug-2025','Paid','2025-08-28');
INSERT INTO Payment (rollno, amount, date_of_payment, method, status, reference) VALUES ('24121119',3200.5,'2025-08-28','Card','Success','TXN931254');
INSERT INTO MessBill (rollno, amount, month_year, status, generated_on) VALUES ('24121119',3000.0,'Sep-2025','Pending','2025-08-18');
INSERT INTO MessBill (rollno, amount, month_year, status, generated_on) VALUES ('24121119',3000.0,'Oct-2025','Pending','2025-09-27');
INSERT INTO MessBill (rollno, amount, month_year, status, generated_on) VALUES ('24121120',3200.5,'Aug-2025','Pending','2025-08-01');
INSERT INTO MessBill (rollno, amount, month_year, status, generated_on) VALUES ('24121120',3000.0,'Sep-2025','Pending','2025-10-21');
INSERT INTO MessBill (rollno, amount, month_year, status, generated_on) VALUES ('24121120',3000.0,'Oct-2025','Paid','2025-08-28');
INSERT INTO Payment (rollno, amount, date_of_payment, method, status, reference) VALUES ('24121120',3000.0,'2025-08-28','UPI','Success','TXN572393');
INSERT INTO MessBill (rollno, amount, month_year, status, generated_on) VALUES ('24121121',3500.0,'Aug-2025','Pending','2025-08-24');
INSERT INTO MessBill (rollno, amount, month_year, status, generated_on) VALUES ('24121121',2800.0,'Sep-2025','Paid','2025-09-09');
INSERT INTO Payment (rollno, amount, date_of_payment, method, status, reference) VALUES ('24121121',2800.0,'2025-09-09','Cash','Success','TXN737457');
INSERT INTO MessBill (rollno, amount, month_year, status, generated_on) VALUES ('24121121',3000.0,'Oct-2025','Pending','2025-09-08');
INSERT INTO MessBill (rollno, amount, month_year, status, generated_on) VALUES ('24121122',3000.0,'Aug-2025','Pending','2025-10-02');
INSERT INTO MessBill (rollno, amount, month_year, status, generated_on) VALUES ('24121122',3000.0,'Sep-2025','Pending','2025-08-23');
INSERT INTO MessBill (rollno, amount, month_year, status, generated_on) VALUES ('24121122',3000.0,'Oct-2025','Pending','2025-10-02');
INSERT INTO MessBill (rollno, amount, month_year, status, generated_on) VALUES ('24121123',3500.0,'Aug-2025','Pending','2025-08-11');
INSERT INTO MessBill (rollno, amount, month_year, status, generated_on) VALUES ('24121123',3500.0,'Sep-2025','Pending','2025-10-27');
INSERT INTO MessBill (rollno, amount, month_year, status, generated_on) VALUES ('24121123',2800.0,'Oct-2025','Paid','2025-08-27');
INSERT INTO Payment (rollno, amount, date_of_payment, method, status, reference) VALUES ('24121123',2800.0,'2025-08-27','UPI','Success','TXN276077');
INSERT INTO MessBill (rollno, amount, month_year, status, generated_on) VALUES ('24121124',3500.0,'Aug-2025','Pending','2025-08-11');
INSERT INTO MessBill (rollno, amount, month_year, status, generated_on) VALUES ('24121124',3000.0,'Sep-2025','Pending','2025-10-21');
INSERT INTO MessBill (rollno, amount, month_year, status, generated_on) VALUES ('24121124',3500.0,'Oct-2025','Paid','2025-10-08');
INSERT INTO Payment (rollno, amount, date_of_payment, method, status, reference) VALUES ('24121124',3500.0,'2025-10-08','UPI','Success','TXN160499');
INSERT INTO MessBill (rollno, amount, month_year, status, generated_on) VALUES ('24121125',3000.0,'Aug-2025','Pending','2025-08-16');
INSERT INTO MessBill (rollno, amount, month_year, status, generated_on) VALUES ('24121125',2800.0,'Sep-2025','Pending','2025-10-01');
INSERT INTO MessBill (rollno, amount, month_year, status, generated_on) VALUES ('24121125',3000.0,'Oct-2025','Paid','2025-09-11');
INSERT INTO Payment (rollno, amount, date_of_payment, method, status, reference) VALUES ('24121125',3000.0,'2025-09-11','UPI','Success','TXN319610');
INSERT INTO MessBill (rollno, amount, month_year, status, generated_on) VALUES ('24121126',3000.0,'Aug-2025','Paid','2025-08-13');
INSERT INTO Payment (rollno, amount, date_of_payment, method, status, reference) VALUES ('24121126',3000.0,'2025-08-13','Cash','Success','TXN760958');
INSERT INTO MessBill (rollno, amount, month_year, status, generated_on) VALUES ('24121126',3500.0,'Sep-2025','Paid','2025-08-11');
INSERT INTO Payment (rollno, amount, date_of_payment, method, status, reference) VALUES ('24121126',3500.0,'2025-08-11','Card','Success','TXN533850');
INSERT INTO MessBill (rollno, amount, month_year, status, generated_on) VALUES ('24121126',3000.0,'Oct-2025','Paid','2025-09-25');
INSERT INTO Payment (rollno, amount, date_of_payment, method, status, reference) VALUES ('24121126',3000.0,'2025-09-25','Card','Success','TXN551279');
INSERT INTO MessBill (rollno, amount, month_year, status, generated_on) VALUES ('24121127',2800.0,'Aug-2025','Paid','2025-09-01');
INSERT INTO Payment (rollno, amount, date_of_payment, method, status, reference) VALUES ('24121127',2800.0,'2025-09-01','Card','Success','TXN507901');
INSERT INTO MessBill (rollno, amount, month_year, status, generated_on) VALUES ('24121127',3500.0,'Sep-2025','Pending','2025-09-24');
INSERT INTO MessBill (rollno, amount, month_year, status, generated_on) VALUES ('24121127',3500.0,'Oct-2025','Paid','2025-10-18');
INSERT INTO Payment (rollno, amount, date_of_payment, method, status, reference) VALUES ('24121127',3500.0,'2025-10-18','UPI','Success','TXN196522');
INSERT INTO MessBill (rollno, amount, month_year, status, generated_on) VALUES ('24121128',3200.5,'Aug-2025','Paid','2025-08-18');
INSERT INTO Payment (rollno, amount, date_of_payment, method, status, reference) VALUES ('24121128',3200.5,'2025-08-18','Card','Success','TXN268635');
INSERT INTO MessBill (rollno, amount, month_year, status, generated_on) VALUES ('24121128',3200.5,'Sep-2025','Paid','2025-10-02');
INSERT INTO Payment (rollno, amount, date_of_payment, method, status, reference) VALUES ('24121128',3200.5,'2025-10-02','Cash','Success','TXN929733');
INSERT INTO MessBill (rollno, amount, month_year, status, generated_on) VALUES ('24121128',2800.0,'Oct-2025','Paid','2025-09-07');
INSERT INTO Payment (rollno, amount, date_of_payment, method, status, reference) VALUES ('24121128',2800.0,'2025-09-07','Card','Success','TXN920094');
INSERT INTO MessBill (rollno, amount, month_year, status, generated_on) VALUES ('24121129',3500.0,'Aug-2025','Paid','2025-10-07');
INSERT INTO Payment (rollno, amount, date_of_payment, method, status, reference) VALUES ('24121129',3500.0,'2025-10-07','Card','Success','TXN194669');
INSERT INTO MessBill (rollno, amount, month_year, status, generated_on) VALUES ('24121129',2800.0,'Sep-2025','Pending','2025-10-25');
INSERT INTO MessBill (rollno, amount, month_year, status, generated_on) VALUES ('24121129',3000.0,'Oct-2025','Pending','2025-10-02');
INSERT INTO MessBill (rollno, amount, month_year, status, generated_on) VALUES ('24121130',3200.5,'Aug-2025','Pending','2025-08-12');
INSERT INTO MessBill (rollno, amount, month_year, status, generated_on) VALUES ('24121130',3000.0,'Sep-2025','Paid','2025-10-06');
INSERT INTO Payment (rollno, amount, date_of_payment, method, status, reference) VALUES ('24121130',3000.0,'2025-10-06','Card','Success','TXN347146');
INSERT INTO MessBill (rollno, amount, month_year, status, generated_on) VALUES ('24121130',3500.0,'Oct-2025','Pending','2025-10-25');
INSERT INTO MessBill (rollno, amount, month_year, status, generated_on) VALUES ('24121131',3000.0,'Aug-2025','Pending','2025-09-10');
INSERT INTO MessBill (rollno, amount, month_year, status, generated_on) VALUES ('24121131',3200.5,'Sep-2025','Paid','2025-09-06');
INSERT INTO Payment (rollno, amount, date_of_payment, method, status, reference) VALUES ('24121131',3200.5,'2025-09-06','Card','Success','TXN806242');
INSERT INTO MessBill (rollno, amount, month_year, status, generated_on) VALUES ('24121131',3500.0,'Oct-2025','Paid','2025-08-21');
INSERT INTO Payment (rollno, amount, date_of_payment, method, status, reference) VALUES ('24121131',3500.0,'2025-08-21','UPI','Success','TXN967261');
INSERT INTO MessBill (rollno, amount, month_year, status, generated_on) VALUES ('24121132',3000.0,'Aug-2025','Paid','2025-08-28');
INSERT INTO Payment (rollno, amount, date_of_payment, method, status, reference) VALUES ('24121132',3000.0,'2025-08-28','UPI','Success','TXN739575');
INSERT INTO MessBill (rollno, amount, month_year, status, generated_on) VALUES ('24121132',3500.0,'Sep-2025','Paid','2025-09-04');
INSERT INTO Payment (rollno, amount, date_of_payment, method, status, reference) VALUES ('24121132',3500.0,'2025-09-04','Cash','Success','TXN791185');
INSERT INTO MessBill (rollno, amount, month_year, status, generated_on) VALUES ('24121132',3200.5,'Oct-2025','Pending','2025-10-07');
INSERT INTO MessBill (rollno, amount, month_year, status, generated_on) VALUES ('24121133',3500.0,'Aug-2025','Paid','2025-08-21');
INSERT INTO Payment (rollno, amount, date_of_payment, method, status, reference) VALUES ('24121133',3500.0,'2025-08-21','Cash','Success','TXN977583');
INSERT INTO MessBill (rollno, amount, month_year, status, generated_on) VALUES ('24121133',3500.0,'Sep-2025','Pending','2025-10-08');
INSERT INTO MessBill (rollno, amount, month_year, status, generated_on) VALUES ('24121133',3500.0,'Oct-2025','Paid','2025-10-23');
INSERT INTO Payment (rollno, amount, date_of_payment, method, status, reference) VALUES ('24121133',3500.0,'2025-10-23','Card','Success','TXN162580');
INSERT INTO MessBill (rollno, amount, month_year, status, generated_on) VALUES ('24121134',3000.0,'Aug-2025','Paid','2025-09-15');
INSERT INTO Payment (rollno, amount, date_of_payment, method, status, reference) VALUES ('24121134',3000.0,'2025-09-15','Card','Success','TXN652307');
INSERT INTO MessBill (rollno, amount, month_year, status, generated_on) VALUES ('24121134',3500.0,'Sep-2025','Pending','2025-10-04');
INSERT INTO MessBill (rollno, amount, month_year, status, generated_on) VALUES ('24121134',3000.0,'Oct-2025','Pending','2025-09-24');
INSERT INTO MessBill (rollno, amount, month_year, status, generated_on) VALUES ('24121135',2800.0,'Aug-2025','Pending','2025-09-18');
INSERT INTO MessBill (rollno, amount, month_year, status, generated_on) VALUES ('24121135',3200.5,'Sep-2025','Paid','2025-10-28');
INSERT INTO Payment (rollno, amount, date_of_payment, method, status, reference) VALUES ('24121135',3200.5,'2025-10-28','UPI','Success','TXN818821');
INSERT INTO MessBill (rollno, amount, month_year, status, generated_on) VALUES ('24121135',3200.5,'Oct-2025','Paid','2025-09-09');
INSERT INTO Payment (rollno, amount, date_of_payment, method, status, reference) VALUES ('24121135',3200.5,'2025-09-09','Cash','Success','TXN237118');
INSERT INTO MessBill (rollno, amount, month_year, status, generated_on) VALUES ('24121136',3000.0,'Aug-2025','Paid','2025-09-11');
INSERT INTO Payment (rollno, amount, date_of_payment, method, status, reference) VALUES ('24121136',3000.0,'2025-09-11','Card','Success','TXN864532');
INSERT INTO MessBill (rollno, amount, month_year, status, generated_on) VALUES ('24121136',2800.0,'Sep-2025','Pending','2025-08-19');
INSERT INTO MessBill (rollno, amount, month_year, status, generated_on) VALUES ('24121136',3200.5,'Oct-2025','Pending','2025-09-20');
INSERT INTO MessBill (rollno, amount, month_year, status, generated_on) VALUES ('24121137',3000.0,'Aug-2025','Paid','2025-09-02');
INSERT INTO Payment (rollno, amount, date_of_payment, method, status, reference) VALUES ('24121137',3000.0,'2025-09-02','Cash','Success','TXN481590');
INSERT INTO MessBill (rollno, amount, month_year, status, generated_on) VALUES ('24121137',3200.5,'Sep-2025','Paid','2025-09-08');
INSERT INTO Payment (rollno, amount, date_of_payment, method, status, reference) VALUES ('24121137',3200.5,'2025-09-08','Card','Success','TXN959980');
INSERT INTO MessBill (rollno, amount, month_year, status, generated_on) VALUES ('24121137',3500.0,'Oct-2025','Paid','2025-08-23');
INSERT INTO Payment (rollno, amount, date_of_payment, method, status, reference) VALUES ('24121137',3500.0,'2025-08-23','UPI','Success','TXN786815');
INSERT INTO MessBill (rollno, amount, month_year, status, generated_on) VALUES ('24121138',3000.0,'Aug-2025','Pending','2025-09-19');
INSERT INTO MessBill (rollno, amount, month_year, status, generated_on) VALUES ('24121138',2800.0,'Sep-2025','Pending','2025-09-05');
INSERT INTO MessBill (rollno, amount, month_year, status, generated_on) VALUES ('24121138',3200.5,'Oct-2025','Paid','2025-09-03');
INSERT INTO Payment (rollno, amount, date_of_payment, method, status, reference) VALUES ('24121138',3200.5,'2025-09-03','Cash','Success','TXN769941');
INSERT INTO MessBill (rollno, amount, month_year, status, generated_on) VALUES ('24121139',2800.0,'Aug-2025','Paid','2025-09-28');
INSERT INTO Payment (rollno, amount, date_of_payment, method, status, reference) VALUES ('24121139',2800.0,'2025-09-28','Cash','Success','TXN397452');
INSERT INTO MessBill (rollno, amount, month_year, status, generated_on) VALUES ('24121139',3000.0,'Sep-2025','Pending','2025-10-09');
INSERT INTO MessBill (rollno, amount, month_year, status, generated_on) VALUES ('24121139',3000.0,'Oct-2025','Pending','2025-10-19');
INSERT INTO MessBill (rollno, amount, month_year, status, generated_on) VALUES ('24121140',3500.0,'Aug-2025','Pending','2025-10-03');
INSERT INTO MessBill (rollno, amount, month_year, status, generated_on) VALUES ('24121140',3000.0,'Sep-2025','Paid','2025-08-11');
INSERT INTO Payment (rollno, amount, date_of_payment, method, status, reference) VALUES ('24121140',3000.0,'2025-08-11','Cash','Success','TXN906623');
INSERT INTO MessBill (rollno, amount, month_year, status, generated_on) VALUES ('24121140',3500.0,'Oct-2025','Pending','2025-08-20');
INSERT INTO MessBill (rollno, amount, month_year, status, generated_on) VALUES ('24121141',3200.5,'Aug-2025','Pending','2025-10-22');
INSERT INTO MessBill (rollno, amount, month_year, status, generated_on) VALUES ('24121141',2800.0,'Sep-2025','Pending','2025-10-24');
INSERT INTO MessBill (rollno, amount, month_year, status, generated_on) VALUES ('24121141',3200.5,'Oct-2025','Pending','2025-08-13');
INSERT INTO MessBill (rollno, amount, month_year, status, generated_on) VALUES ('24121142',2800.0,'Aug-2025','Pending','2025-09-19');
INSERT INTO MessBill (rollno, amount, month_year, status, generated_on) VALUES ('24121142',3200.5,'Sep-2025','Pending','2025-08-20');
INSERT INTO MessBill (rollno, amount, month_year, status, generated_on) VALUES ('24121142',3500.0,'Oct-2025','Pending','2025-09-02');
INSERT INTO MessBill (rollno, amount, month_year, status, generated_on) VALUES ('24121143',3500.0,'Aug-2025','Pending','2025-08-17');
INSERT INTO MessBill (rollno, amount, month_year, status, generated_on) VALUES ('24121143',3000.0,'Sep-2025','Pending','2025-10-21');
INSERT INTO MessBill (rollno, amount, month_year, status, generated_on) VALUES ('24121143',3500.0,'Oct-2025','Paid','2025-08-24');
INSERT INTO Payment (rollno, amount, date_of_payment, method, status, reference) VALUES ('24121143',3500.0,'2025-08-24','UPI','Success','TXN359930');
INSERT INTO MessBill (rollno, amount, month_year, status, generated_on) VALUES ('24121144',2800.0,'Aug-2025','Pending','2025-09-28');
INSERT INTO MessBill (rollno, amount, month_year, status, generated_on) VALUES ('24121144',2800.0,'Sep-2025','Pending','2025-08-07');
INSERT INTO MessBill (rollno, amount, month_year, status, generated_on) VALUES ('24121144',3000.0,'Oct-2025','Pending','2025-10-22');
INSERT INTO MessBill (rollno, amount, month_year, status, generated_on) VALUES ('24121145',3200.5,'Aug-2025','Paid','2025-08-07');
INSERT INTO Payment (rollno, amount, date_of_payment, method, status, reference) VALUES ('24121145',3200.5,'2025-08-07','Cash','Success','TXN110125');
INSERT INTO MessBill (rollno, amount, month_year, status, generated_on) VALUES ('24121145',3500.0,'Sep-2025','Pending','2025-09-18');
INSERT INTO MessBill (rollno, amount, month_year, status, generated_on) VALUES ('24121145',3200.5,'Oct-2025','Paid','2025-10-06');
INSERT INTO Payment (rollno, amount, date_of_payment, method, status, reference) VALUES ('24121145',3200.5,'2025-10-06','UPI','Success','TXN559614');
INSERT INTO MessBill (rollno, amount, month_year, status, generated_on) VALUES ('24121146',2800.0,'Aug-2025','Pending','2025-09-13');
INSERT INTO MessBill (rollno, amount, month_year, status, generated_on) VALUES ('24121146',3200.5,'Sep-2025','Pending','2025-10-02');
INSERT INTO MessBill (rollno, amount, month_year, status, generated_on) VALUES ('24121146',3200.5,'Oct-2025','Paid','2025-10-10');
INSERT INTO Payment (rollno, amount, date_of_payment, method, status, reference) VALUES ('24121146',3200.5,'2025-10-10','UPI','Success','TXN778495');
INSERT INTO MessBill (rollno, amount, month_year, status, generated_on) VALUES ('24121147',3000.0,'Aug-2025','Paid','2025-09-05');
INSERT INTO Payment (rollno, amount, date_of_payment, method, status, reference) VALUES ('24121147',3000.0,'2025-09-05','UPI','Success','TXN927128');
INSERT INTO MessBill (rollno, amount, month_year, status, generated_on) VALUES ('24121147',3000.0,'Sep-2025','Pending','2025-09-13');
INSERT INTO MessBill (rollno, amount, month_year, status, generated_on) VALUES ('24121147',2800.0,'Oct-2025','Pending','2025-10-17');
INSERT INTO MessBill (rollno, amount, month_year, status, generated_on) VALUES ('24121148',2800.0,'Aug-2025','Pending','2025-10-01');
INSERT INTO MessBill (rollno, amount, month_year, status, generated_on) VALUES ('24121148',2800.0,'Sep-2025','Paid','2025-10-21');
INSERT INTO Payment (rollno, amount, date_of_payment, method, status, reference) VALUES ('24121148',2800.0,'2025-10-21','Card','Success','TXN197519');
INSERT INTO MessBill (rollno, amount, month_year, status, generated_on) VALUES ('24121148',3000.0,'Oct-2025','Pending','2025-08-15');
INSERT INTO MessBill (rollno, amount, month_year, status, generated_on) VALUES ('24121149',3500.0,'Aug-2025','Pending','2025-09-17');
INSERT INTO MessBill (rollno, amount, month_year, status, generated_on) VALUES ('24121149',3200.5,'Sep-2025','Paid','2025-09-18');
INSERT INTO Payment (rollno, amount, date_of_payment, method, status, reference) VALUES ('24121149',3200.5,'2025-09-18','Cash','Success','TXN606954');
INSERT INTO MessBill (rollno, amount, month_year, status, generated_on) VALUES ('24121149',3200.5,'Oct-2025','Paid','2025-10-11');
INSERT INTO Payment (rollno, amount, date_of_payment, method, status, reference) VALUES ('24121149',3200.5,'2025-10-11','Cash','Success','TXN681582');
INSERT INTO MessBill (rollno, amount, month_year, status, generated_on) VALUES ('24121150',3500.0,'Aug-2025','Pending','2025-09-11');
INSERT INTO MessBill (rollno, amount, month_year, status, generated_on) VALUES ('24121150',2800.0,'Sep-2025','Paid','2025-09-10');
INSERT INTO Payment (rollno, amount, date_of_payment, method, status, reference) VALUES ('24121150',2800.0,'2025-09-10','Cash','Success','TXN707560');
INSERT INTO MessBill (rollno, amount, month_year, status, generated_on) VALUES ('24121150',3500.0,'Oct-2025','Paid','2025-09-13');
INSERT INTO Payment (rollno, amount, date_of_payment, method, status, reference) VALUES ('24121150',3500.0,'2025-09-13','Cash','Success','TXN828005');
INSERT INTO Fine (rollno, violation, amount, status, imposed_on) VALUES ('24121126','Missing ID card',100.0,'Pending','2025-10-19');
INSERT INTO Fine (rollno, violation, amount, status, imposed_on) VALUES ('24121105','Noise violation',500.0,'Paid','2025-01-22');
INSERT INTO Payment (rollno, amount, date_of_payment, method, status, reference) VALUES ('24121105',500.0,'2025-01-22','UPI','Success','FINE4734');
INSERT INTO Fine (rollno, violation, amount, status, imposed_on) VALUES ('24121149','Late fee',100.0,'Pending','2025-05-24');
INSERT INTO Fine (rollno, violation, amount, status, imposed_on) VALUES ('24121129','Late fee',100.0,'Pending','2025-09-19');
INSERT INTO Fine (rollno, violation, amount, status, imposed_on) VALUES ('24121108','Late fee',500.0,'Pending','2025-06-19');
INSERT INTO Fine (rollno, violation, amount, status, imposed_on) VALUES ('24121120','Noise violation',100.0,'Pending','2025-05-25');
INSERT INTO Fine (rollno, violation, amount, status, imposed_on) VALUES ('24121115','Late fee',200.0,'Pending','2025-05-10');
INSERT INTO Fine (rollno, violation, amount, status, imposed_on) VALUES ('24121147','Late fee',200.0,'Paid','2025-03-10');
INSERT INTO Payment (rollno, amount, date_of_payment, method, status, reference) VALUES ('24121147',200.0,'2025-03-10','UPI','Success','FINE7974');
INSERT INTO Fine (rollno, violation, amount, status, imposed_on) VALUES ('24121134','Late fee',200.0,'Pending','2025-09-12');
INSERT INTO Fine (rollno, violation, amount, status, imposed_on) VALUES ('24121106','Missing ID card',100.0,'Paid','2025-05-12');
INSERT INTO Payment (rollno, amount, date_of_payment, method, status, reference) VALUES ('24121106',100.0,'2025-05-12','UPI','Success','FINE5571');
INSERT INTO Complaint (rollno, description, category, date_submitted, status, response) VALUES ('24121112','Complaint 1: issue regarding light','Other','2025-10-12','In Progress','');
INSERT INTO Complaint (rollno, description, category, date_submitted, status, response) VALUES ('24121102','Complaint 2: issue regarding light','Cleaning','2025-09-27','In Progress','');
INSERT INTO Complaint (rollno, description, category, date_submitted, status, response) VALUES ('24121101','Complaint 3: issue regarding light','Food','2025-08-20','In Progress','');
INSERT INTO Complaint (rollno, description, category, date_submitted, status, response) VALUES ('24121135','Complaint 4: issue regarding light','Safety','2025-01-20','Resolved','We will look into this.');
INSERT INTO Complaint (rollno, description, category, date_submitted, status, response) VALUES ('24121133','Complaint 5: issue regarding light','Cleaning','2025-05-26','In Progress','');
INSERT INTO Complaint (rollno, description, category, date_submitted, status, response) VALUES ('24121146','Complaint 6: issue regarding tap','Food','2025-08-25','Pending','');
INSERT INTO Complaint (rollno, description, category, date_submitted, status, response) VALUES ('24121120','Complaint 7: issue regarding tap','Cleaning','2025-03-13','Resolved','We will look into this.');
INSERT INTO Complaint (rollno, description, category, date_submitted, status, response) VALUES ('24121113','Complaint 8: issue regarding tap','Safety','2025-05-11','Pending','');
INSERT INTO Complaint (rollno, description, category, date_submitted, status, response) VALUES ('24121118','Complaint 9: issue regarding food quality','Other','2025-05-03','Pending','');
INSERT INTO Complaint (rollno, description, category, date_submitted, status, response) VALUES ('24121121','Complaint 10: issue regarding tap','Cleaning','2025-09-06','Resolved','We will look into this.');
INSERT INTO Complaint (rollno, description, category, date_submitted, status, response) VALUES ('24121117','Complaint 11: issue regarding light','Maintenance','2025-10-15','Pending','');
INSERT INTO Complaint (rollno, description, category, date_submitted, status, response) VALUES ('24121132','Complaint 12: issue regarding food quality','Cleaning','2025-08-11','Resolved','We will look into this.');
INSERT INTO Complaint (rollno, description, category, date_submitted, status, response) VALUES ('24121129','Complaint 13: issue regarding tap','Maintenance','2025-02-28','Pending','');
INSERT INTO Complaint (rollno, description, category, date_submitted, status, response) VALUES ('24121106','Complaint 14: issue regarding cleanliness','Food','2025-09-07','Pending','');
INSERT INTO Complaint (rollno, description, category, date_submitted, status, response) VALUES ('24121124','Complaint 15: issue regarding light','Food','2025-01-03','In Progress','');
INSERT INTO Complaint (rollno, description, category, date_submitted, status, response) VALUES ('24121119','Complaint 16: issue regarding food quality','Maintenance','2025-08-03','In Progress','');
INSERT INTO Complaint (rollno, description, category, date_submitted, status, response) VALUES ('24121126','Complaint 17: issue regarding tap','Food','2025-03-15','Resolved','We will look into this.');
INSERT INTO Complaint (rollno, description, category, date_submitted, status, response) VALUES ('24121110','Complaint 18: issue regarding tap','Maintenance','2025-09-25','Resolved','We will look into this.');
INSERT INTO Complaint (rollno, description, category, date_submitted, status, response) VALUES ('24121115','Complaint 19: issue regarding food quality','Maintenance','2025-10-28','In Progress','');
INSERT INTO Complaint (rollno, description, category, date_submitted, status, response) VALUES ('24121148','Complaint 20: issue regarding light','Other','2025-03-14','Resolved','We will look into this.');
COMMIT;